{"precision": 0.45255474452554745, "recall": 0.27555555555555555, "f1": 0.3425414364640884}