{"total": {"accuracy": 0.8810572687224669}, "by_type": {"posi": {"accuracy": 0.9123711340206185}, "nega": {"accuracy": 0.696969696969697}}}