{"total": {"accuracy": 0.7929515418502202}, "by_type": {"posi": {"accuracy": 0.8092783505154639}, "nega": {"accuracy": 0.696969696969697}}}