{"precision": 0.7865853658536586, "recall": 0.6262135922330098, "f1": 0.6972972972972974}