{"total": {"accuracy": 0.7934272300469484}, "by_type": {"process": {"accuracy": 0.8252427184466019}, "molecule": {"accuracy": 0.7419354838709677}, "compound": {"accuracy": 0.6666666666666666}, "cell": {"accuracy": 1.0}, "disease": {"accuracy": 1.0}}}