{"precision": 0.45985401459854014, "recall": 0.28, "f1": 0.34806629834254144}