{"precision": 0.4368932038834951, "recall": 0.45918367346938777, "f1": 0.4477611940298507}