{"total": {"accuracy": 0.8766519823788547}, "by_type": {"posi": {"accuracy": 0.9072164948453608}, "nega": {"accuracy": 0.696969696969697}}}