{"precision": 0.5, "recall": 0.31555555555555553, "f1": 0.38692098092643046}