{"total": {"accuracy": 0.7929515418502202}, "by_type": {"posi": {"accuracy": 0.8144329896907216}, "nega": {"accuracy": 0.6666666666666666}}}