{"precision": 0.4715447154471545, "recall": 0.2577777777777778, "f1": 0.3333333333333333}