{"precision": 0.7393617021276596, "recall": 0.6747572815533981, "f1": 0.7055837563451777}