{"total": {"accuracy": 0.8458149779735683}, "by_type": {"posi": {"accuracy": 0.8969072164948454}, "nega": {"accuracy": 0.5454545454545454}}}