{"precision": 0.7513227513227513, "recall": 0.6893203883495146, "f1": 0.718987341772152}