{"precision": 0.48120300751879697, "recall": 0.28444444444444444, "f1": 0.3575418994413408}