{"total": {"accuracy": 0.8458149779735683}, "by_type": {"posi": {"accuracy": 0.8762886597938144}, "nega": {"accuracy": 0.6666666666666666}}}