{"precision": 0.436241610738255, "recall": 0.28888888888888886, "f1": 0.3475935828877005}