{"precision": 0.8089887640449438, "recall": 0.6990291262135923, "f1": 0.75}