{"total": {"accuracy": 0.8262910798122066}, "by_type": {"process": {"accuracy": 0.8252427184466019}, "molecule": {"accuracy": 0.8494623655913979}, "compound": {"accuracy": 0.3333333333333333}, "cell": {"accuracy": 1.0}, "disease": {"accuracy": 0.875}}}