{"precision": 0.4357142857142857, "recall": 0.27111111111111114, "f1": 0.33424657534246577}