{"precision": 0.7216981132075472, "recall": 0.7427184466019418, "f1": 0.7320574162679426}