{"total": {"accuracy": 0.8149779735682819}, "by_type": {"posi": {"accuracy": 0.8298969072164949}, "nega": {"accuracy": 0.7272727272727273}}}