{"total": {"accuracy": 0.7370892018779343}, "by_type": {"process": {"accuracy": 0.7572815533980582}, "molecule": {"accuracy": 0.7096774193548387}, "compound": {"accuracy": 0.3333333333333333}, "cell": {"accuracy": 1.0}, "disease": {"accuracy": 1.0}}}