{"precision": 0.5, "recall": 0.30666666666666664, "f1": 0.3801652892561983}