{"precision": 0.4354066985645933, "recall": 0.4642857142857143, "f1": 0.4493827160493827}