{"precision": 0.44370860927152317, "recall": 0.29777777777777775, "f1": 0.35638297872340424}