{"precision": 0.4351851851851852, "recall": 0.47959183673469385, "f1": 0.4563106796116505}