{"total": {"accuracy": 0.8854625550660793}, "by_type": {"posi": {"accuracy": 0.9123711340206185}, "nega": {"accuracy": 0.7272727272727273}}}