{"total": {"accuracy": 0.7699530516431925}, "by_type": {"process": {"accuracy": 0.7572815533980582}, "molecule": {"accuracy": 0.7741935483870968}, "compound": {"accuracy": 0.5}, "cell": {"accuracy": 1.0}, "disease": {"accuracy": 1.0}}}