{"total": {"accuracy": 0.8810572687224669}, "by_type": {"posi": {"accuracy": 0.9020618556701031}, "nega": {"accuracy": 0.7575757575757576}}}