{"precision": 0.47101449275362317, "recall": 0.28888888888888886, "f1": 0.3581267217630854}