{"precision": 0.42105263157894735, "recall": 0.4489795918367347, "f1": 0.43456790123456784}